IA 编号	叶数	IA item 体积(MB)	卷
06061300.cn	206	42.3	卷首一~卷首四
06061301.cn	188	49.5	卷一~卷三
06061302.cn	107	29.8	卷四~卷五
06061303.cn	218	57.2	卷六~卷七
06061304.cn	188	48.6	卷八~卷九
06061305.cn	150	37.7	卷十~卷十一
06061306.cn	132	33.8	卷十二~卷十三
06061307.cn	69	17.0	卷十四
06061308.cn	262	67.5	卷十五~卷十八
06061309.cn	175	45.4	卷十九~卷二十
06061310.cn	110	28.5	卷二十一~卷二十二
06061311.cn	154	38.4	卷二十三~卷二十四
06061312.cn	228	57.6	卷二十五~卷二十七
06061313.cn	238	59.4	卷二十八~卷三十
06061314.cn	154	37.6	卷三十一~卷三十二
06061315.cn	182	44.9	卷三十三~卷三十四
06061316.cn	164	40.8	卷三十五~卷三十六
06061317.cn	118	28.7	卷三十七
06061318.cn	164	39.9	卷三十八~卷三十九
06061319.cn	285	72.9	卷四十~卷四十二
06061320.cn	228	56.1	卷四十三~卷四十四
06066140.cn	189	48.0	卷四十五~卷四十六
06066141.cn	174	43.7	卷四十七~卷四十八
06066142.cn	73	18.2	卷四十九
06066143.cn	135	35.6	卷五十
06066144.cn	145	37.0	卷五十一~卷五十二
06066145.cn	139	34.6	卷五十三~卷五十四
06066146.cn	193	46.4	卷五十五~卷五十六
06066147.cn	159	42.3	卷五十七~卷五十八
06066148.cn	141	38.1	卷五十九~卷六十
06066149.cn	213	54.4	卷六十一~卷六十三
06066150.cn	103	27.1	卷六十四~卷六十五
06066151.cn	91	25.7	卷六十六
06066152.cn	154	39.6	卷六十七~卷六十八
06066153.cn	173	46.0	卷六十九~卷七十
06066154.cn	111	29.2	卷七十一~卷七十三
06066155.cn	148	37.3	卷七十四~卷七十五
06066156.cn	214	53.7	卷七十六~卷七十八
06066157.cn	178	43.6	卷七十九~卷八十一
06066158.cn	175	42.5	卷八十二~卷八十三
06066159.cn	207	52.9	卷八十四~卷八十六
06066160.cn	117	29.9	卷八十七~卷八十八
06066161.cn	103	25.4	卷八十九~卷九十
06066162.cn	237	62.8	卷九十一~卷九十三
06066163.cn	127	33.3	卷九十四~卷九十五
06066164.cn	226	58.2	卷九十六~卷九十八
06066165.cn	147	38.4	卷九十九~卷一百一
06066166.cn	258	63.8	卷一百二~卷一百四
06066167.cn	197	47.6	卷一百五~卷一百六
06066168.cn	265	63.1	卷一百七~卷一百九
06066169.cn	71	17.6	卷一百十
06066170.cn	111	27.3	卷一百十一
06066171.cn	183	46.9	卷一百十二~卷一百十三
06066172.cn	209	51.4	卷一百十四~卷一百十五
06066173.cn	153	39.2	卷一百十六~卷一百十七
06066174.cn	161	45.6	卷一百十八~卷一百十九
06066175.cn	149	40.3	卷一百二十~卷一百二十一
06066176.cn	139	38.2	卷一百二十二~卷一百二十三
06066177.cn	189	48.0	卷一百二十四~卷一百二十五
06066178.cn	127	31.1	卷一百二十六~卷一百二十七
06066179.cn	117	27.7	卷一百二十八~卷一百二十九
06066180.cn	149	34.9	卷一百三十~卷一百三十二
06066181.cn	209	51.5	卷一百三十三~卷一百三十五
06066182.cn	216	51.0	卷一百三十六~卷一百三十八
06066183.cn	149	37.6	卷一百三十九~卷一百四十
06066184.cn	199	50.2	卷一百四十一~卷一百四十二
06066185.cn	185	46.1	卷一百四十三~卷一百四十四
06066186.cn	263	69.3	卷一百四十五~卷一百四十七
06066187.cn	169	47.5	卷一百四十八~卷一百四十九
06066188.cn	175	49.1	卷一百五十~卷一百五十一
06066189.cn	97	27.4	卷一百五十二
06066190.cn	93	26.4	卷一百五十三
06066191.cn	237	66.4	卷一百五十四~卷一百五十六
06066192.cn	127	40.6	卷一百五十七~卷一百五十八
06066193.cn	159	47.3	卷一百五十九~卷一百六十
06066194.cn	107	31.7	卷一百六十一~卷一百六十二
06066195.cn	216	61.7	卷一百六十三~卷一百六十五
06066196.cn	137	38.1	卷一百六十六
06066197.cn	260	71.2	卷一百六十七~卷一百六十八
06066198.cn	137	38.1	卷一百六十九
06066199.cn	201	54.0	卷一百七十~卷一百七十一
06066200.cn	259	67.8	卷一百七十二~卷一百七十三
06066201.cn	161	42.8	卷一百七十四
06066202.cn	145	38.3	卷一百七十五
06066203.cn	137	35.1	卷一百七十六
06066204.cn	153	39.0	卷一百七十七
06066205.cn	231	58.3	卷一百七十八~卷一百七十九
06066206.cn	195	49.8	卷一百八十~卷一百八十一
06066207.cn	191	48.7	卷一百八十二~卷一百八十三
06066208.cn	180	45.7	卷一百八十四~卷一百八十五
06066209.cn	95	19.1	卷一百八十六
06066210.cn	93	19.6	卷一百八十七
06066211.cn	173	34.3	卷一百八十八~卷一百八十九
06066212.cn	161	30.6	卷一百九十~卷一百九十一
06066213.cn	221	41.8	卷一百九十二~卷一百九十三
06066214.cn	212	41.9	卷一百九十四~卷一百九十五
06066215.cn	145	29.0	卷一百九十六~卷一百九十七
06066216.cn	203	40.6	卷一百九十八~卷一百九十九
06066217.cn	67	13.4	卷二百
